INSERT INTO Configuration(SECTIONID, NODEID, SECTIONNAME, OWNER, DESCRIPTION, PARENTID)
  VALUES(8305491172543345267, (SELECT nodeId FROM DataCenter WHERE defDC=1),
         'SBT_EIS_SIMPLEX', 'EIS.EISConnector.Connectors',
         'SBT_EIS_SIMPLEX connector', 1516171246713);

INSERT INTO ConfigParam(KEYID, ACCESSMODE, SECTIONID, KEYNAME)
  VALUES(-2029511255554267097, 0, 8305491172543345267, 'ConnectionDef');
INSERT INTO ConfigValue(KEYID, NODEID, VALUE, DESCRIPTION)
  VALUES(-2029511255554267097, 0,
         'SBT_EIS_SIMPLEX', 'Connection definition');

INSERT INTO ConfigParam(KEYID, ACCESSMODE, SECTIONID, KEYNAME)
  VALUES(-2029511255571779752, 0, 8305491172543345267, 'ConnectionType');
INSERT INTO ConfigValue(KEYID, NODEID, VALUE, DESCRIPTION)
  VALUES(-2029511255571779752, 0,
         'HTTP', 'Connection type');

INSERT INTO ConfigParam(KEYID, ACCESSMODE, SECTIONID, KEYNAME)
  VALUES(-2029511254479842204, 0, 8305491172543345267, 'ConnectorState');
INSERT INTO ConfigValue(KEYID, NODEID, VALUE, DESCRIPTION)
  VALUES(-2029511254479842204, 0,
         'RUNNING', 'Allowed values: RUNNING, STOPPED.');


-- Configuration SQL-Script created by PC/E AdminConsole (c)2004-2012 Wincor-Nixdorf International GmbH
-- Owner    : EIS.EISConnector.ConnectionDefs.HTTP
-- Section  : SBT_EIS_SIMPLEX
-- Hierarchy: DATACENTER

INSERT INTO Configuration(SECTIONID, NODEID, SECTIONNAME, OWNER, DESCRIPTION, PARENTID)
  VALUES(-3040654491715718541, (SELECT nodeId FROM DataCenter WHERE defDC=1),
         'SBT_EIS_SIMPLEX', 'EIS.EISConnector.ConnectionDefs.HTTP',
         'Default section.', 1529175840530);

INSERT INTO ConfigParam(KEYID, ACCESSMODE, SECTIONID, KEYNAME)
  VALUES(4997833035516388009, 0, -3040654491715718541, 'SendMethod');
INSERT INTO ConfigValue(KEYID, NODEID, VALUE, DESCRIPTION)
  VALUES(4997833035516388009, 0,
         'POST', 'use GET or POST');

INSERT INTO ConfigParam(KEYID, ACCESSMODE, SECTIONID, KEYNAME)
  VALUES(4997833034502241075, 0, -3040654491715718541, 'ContentType');
INSERT INTO ConfigValue(KEYID, NODEID, VALUE, DESCRIPTION)
  VALUES(4997833034502241075, 0,
         'application/json', 'use valid value or leave blank');

INSERT INTO ConfigParam(KEYID, ACCESSMODE, SECTIONID, KEYNAME)
  VALUES(4997833033574245697, 0, -3040654491715718541, 'Timeout');
INSERT INTO ConfigValue(KEYID, NODEID, VALUE, DESCRIPTION)
  VALUES(4997833033574245697, 0,
         '5000', 'Default timeout.');

INSERT INTO ConfigParam(KEYID, ACCESSMODE, SECTIONID, KEYNAME)
  VALUES(4997833036123758072, 0, -3040654491715718541, 'IsIgnoreStatusCodes');
INSERT INTO ConfigValue(KEYID, NODEID, VALUE, DESCRIPTION)
  VALUES(4997833036123758072, 0,
         'true', 'IsIgnoreStatusCodes');

INSERT INTO ConfigParam(KEYID, ACCESSMODE, SECTIONID, KEYNAME)
  VALUES(4997833033223588172, 0, -3040654491715718541, 'URI');
INSERT INTO ConfigValue(KEYID, NODEID, VALUE, DESCRIPTION)
  VALUES(4997833033223588172, 0,
         'http://localhost:1235/tejp', 'Absolute or relative uri of requested resource.');

INSERT INTO ConfigParam(KEYID, ACCESSMODE, SECTIONID, KEYNAME)
  VALUES(4997833036097465104, 0, -3040654491715718541, 'HttpVersion');
INSERT INTO ConfigValue(KEYID, NODEID, VALUE, DESCRIPTION)
  VALUES(4997833036097465104, 0,
         'HTTP/1.1', 'use HTTP/1.1 or other.');